Wall time,Step,Value
1536965165.842186,0,87.52762603759766
1536967435.634092,1,86.84539031982422
1536969677.5883954,2,86.57633972167969
1536971895.6162968,3,87.22013854980469
1536974107.6295774,4,86.43221282958984
1536976293.479412,5,87.38349151611328
1536978423.8458393,6,88.14259338378906
1536980614.3964455,7,86.96070098876953
1536982845.1862533,8,85.19265747070312
1536984964.754655,9,87.96963500976562
1536987187.952596,10,88.07533264160156
1536989430.0513685,11,88.00807189941406
1536991628.7261078,12,87.72941589355469
1536993739.0690572,13,85.6827163696289
1536995868.666472,14,86.42259979248047
1536997981.8554242,15,83.08830261230469
1537000091.406447,16,84.70260620117188
1537002282.0722945,17,87.73902130126953
1537004562.8088136,18,88.29634094238281
1537006786.5787947,19,85.12539672851562
1537009040.5593567,20,87.36427307128906
1537011292.661976,21,87.47958374023438
1537013547.0210319,22,88.21946716308594
1537015812.5089636,23,82.80004119873047
1537018097.0279129,24,87.25857543945312
1537020396.6801991,25,87.94081115722656
1537022738.5243192,26,86.50907897949219
