Wall time,Step,Value
1536911203.899447,0,0.7068319320678711
1536913351.654764,1,0.7142308354377747
1536915467.5301492,2,0.7031805515289307
1536917550.527252,3,0.7149034142494202
1536919631.5844922,4,0.6979917287826538
1536921678.821858,5,0.7066397666931152
1536923728.9375153,6,0.7063515186309814
1536925737.9385223,7,0.6920341849327087
1536927769.8923037,8,0.7090420126914978
1536929800.552685,9,0.7103872299194336
1536931876.7244372,10,0.7078889012336731
1536933997.2232072,11,0.7064476013183594
1536936063.8881712,12,0.7094263434410095
1536938206.1679592,13,0.6911693811416626
1536940321.3004224,14,0.7027000784873962
1536942549.9362504,15,0.710963785648346
1536944822.6018624,16,0.6924185752868652
1536947179.1629922,17,0.7101950645446777
1536949614.2600894,18,0.7031805515289307
1536952051.3040981,19,0.7061592936515808
1536954466.982971,20,0.6994330883026123
1536956872.8013287,21,0.7086576223373413
1536959274.9621158,22,0.7051984071731567
1536961697.0078988,23,0.7078889012336731
