Wall time,Step,Value
1536911203.9031541,0,83.59757995605469
1536913351.6554523,1,81.76227569580078
1536915467.5309215,2,84.34707641601562
1536917550.5279725,3,83.08830261230469
1536919631.5850534,4,85.18305206298828
1536921678.8224387,5,85.01008605957031
1536923728.9380512,6,85.74036407470703
1536925737.9391294,7,83.45344543457031
1536927769.8928325,8,84.37590026855469
1536929800.5532272,9,85.89411163330078
1536931876.725023,10,85.80763244628906
1536933997.223744,11,85.6346664428711
1536936063.8887372,12,84.59690856933594
1536938206.1685004,13,85.8172378540039
1536940321.301212,14,87.06639862060547
1536942549.9368844,15,85.36561584472656
1536944822.602458,16,86.48986053466797
1536947179.1635735,17,86.16316223144531
1536949614.2607076,18,86.84539031982422
1536952051.3046758,19,85.5674057006836
1536954466.983829,20,87.72941589355469
1536956872.8020523,21,85.99019622802734
1536959274.9627976,22,87.02796173095703
1536961697.008677,23,86.67243194580078
