Wall time,Step,Value
1536871922.46133,0,0.0014413375174626708
1536873985.5073974,1,0.21043528616428375
1536876100.9717453,2,0.08878639340400696
1536878249.9278631,3,0.007302776910364628
