Wall time,Step,Value
1536871922.46133,0,0.0013452484272420406
1536873985.5073974,1,0.19631017744541168
1536876100.9717453,2,0.15816277265548706
1536878249.9278631,3,0.09301431477069855
