Wall time,Step,Value
1536871922.46133,0,0.7076006531715393
1536873985.5073974,1,0.49860671162605286
1536876100.9717453,2,0.6202555894851685
1536878249.9278631,3,0.7017391920089722
