Wall time,Step,Value
1536871922.4843633,0,70.89459228515625
1536873985.5080044,1,69.49169158935547
1536876100.9779115,2,77.84183502197266
1536878249.9285648,3,79.47534942626953
