Wall time,Step,Value
1536871922.46133,0,0.2896127700805664
1536873985.5073974,1,0.0946478322148323
1536876100.9717453,2,0.13279522955417633
1536878249.9278631,3,0.19794368743896484
